TimeStamp(s),FrameCounter,AccX,AccY,AccZ,GyrX,GyrY,GyrZ,EulerX,EulerY,EulerZ
0.01,1,-0.169,-0.989,0.035,-3.8388186,0.9167328,0.3437748,89.31269304,-7.27083702,-57.22131546
0.02,2,-0.175,-0.99,0.029,-4.9274388,3.8388186,-0.286479,89.26112682,-7.26510744,-57.18693798
0.03,3,-0.172,-1.005,0.023,-3.9534102,3.7815228,-1.5469866,89.21529018,-7.25364828,-57.14683092
0.04,4,-0.179,-1.001,0.023,-2.4637194,3.4950438,-2.2345362,89.1809127,-7.23072996,-57.11245344
0.05,5,-0.179,-0.986,0.021,-0.572958,3.151269,-2.0626488,89.18664228,-7.26510744,-57.07807596
0.06,6,-0.173,-0.967,0.012,-0.859437,2.3491278,-2.005353,89.17518312,-7.2479187,-57.05515764
0.07,7,-0.169,-0.953,0.005,-0.8021412,0.7448454,-2.2345362,89.16372396,-7.22500038,-57.04942806
0.08,8,-0.164,-0.949,0.008,0.6302538,-0.6875496,-2.5210152,89.17518312,-7.19635248,-57.05515764
0.09,9,-0.152,-0.955,0.004,1.9480572,-0.5156622,-2.9793816,89.19237186,-7.16770458,-57.06088722
0.1,10,-0.14,-0.96,0.004,2.6929026,-0.0572958,-3.2658606,89.22101976,-7.15051584,-57.06088722
0.11,11,-0.13,-0.965,0.02,3.3231564,0.1145916,-3.2085648,89.25539724,-7.11613836,-57.05515764
0.12,12,-0.117,-0.973,0.039,4.2398892,0.1145916,-2.9793816,89.2955043,-7.08749046,-57.05515764
0.13,13,-0.109,-0.987,0.05,5.0420304,0.1145916,-2.291832,89.34707052,-7.06457214,-57.05515764
0.14,14,-0.106,-0.999,0.053,5.8441716,0,-1.8907614,89.4100959,-7.04165382,-57.05515764
0.15,15,-0.102,-1.006,0.054,5.6149884,-0.4010706,-1.7761698,89.4960396,-7.00154676,-57.06088722
0.16,16,-0.099,-1.01,0.046,4.6409598,-0.7448454,-1.8907614,89.54187624,-6.98435802,-57.0666168
0.17,17,-0.098,-1.012,0.043,3.9534102,-0.5156622,-2.0626488,89.58771288,-6.9614397,-57.07234638
0.18,18,-0.097,-1.016,0.035,3.2658606,0.286479,-2.4064236,89.61636078,-6.93852138,-57.0666168
0.19,19,-0.096,-1.014,0.035,2.1199446,2.005353,-3.3804522,89.6392791,-6.9041439,-57.04942806
0.2,20,-0.098,-1.007,0.038,0.572958,4.9847346,-4.7555514,89.65073826,-6.8468481,-56.99786184
0.21,21,-0.106,-1.004,0.035,-1.8334656,8.7662574,-6.016059,89.61636078,-6.7895523,-56.91191814
0.22,22,-0.112,-1.01,0.039,-4.4690724,14.037471,-6.5317212,89.5533354,-6.72652692,-56.77440822
0.23,23,-0.125,-1.031,0.049,-6.016059,17.8189938,-6.5317212,89.4673917,-6.66350154,-56.59679124
0.24,24,-0.135,-1.055,0.047,-7.9068204,21.3713334,-6.8182002,89.35852968,-6.60047616,-56.38479678
0.25,25,-0.141,-1.069,0.037,-8.9381448,24.6944898,-7.6776372,89.24393808,-6.5317212,-56.14415442
0.26,26,-0.142,-1.067,0.023,-8.4224826,27.4446882,-8.8235532,89.1236169,-6.4457775,-55.86913458
0.27,27,-0.133,-1.054,0.015,-6.6463128,29.1062664,-9.740286,89.02048446,-6.35410422,-55.58265558
0.28,28,-0.109,-1.034,0.015,-4.0680018,29.9657034,-10.2559482,88.94027034,-6.25670136,-55.28471742
0.29,29,-0.065,-1.006,0.02,-1.9480572,30.2521824,-10.026765,88.88297454,-6.1592985,-54.98677926
0.3,30,-0.029,-0.978,0.031,0,30.1375908,-9.1100322,88.85432664,-6.05616606,-54.6888411
0.31,31,-0.001,-0.96,0.064,0.8021412,29.2781538,-7.9641162,88.82567874,-5.97595194,-54.4023621
0.32,32,0.015,-0.953,0.116,0.1718874,25.9549974,-6.302538,88.79703084,-5.91865614,-54.144531
0.33,33,0.026,-0.964,0.161,-1.3750992,19.3086846,-4.2398892,88.76265336,-5.87854908,-53.94972528
0.34,34,0.024,-0.993,0.167,-4.7555514,10.599723,-2.578311,88.69962798,-5.84990118,-53.84659284
0.35,35,0.014,-1.036,0.154,-6.8182002,4.583664,-2.8074942,88.68243924,-5.78114622,-53.80648578
0.36,36,-0.006,-1.072,0.139,-7.734933,2.86479,-5.6722842,88.60222512,-5.72385042,-53.78356746
0.37,37,-0.027,-1.089,0.114,-5.7868758,3.724227,-10.1986524,88.53919974,-5.62644756,-53.74918998
0.38,38,-0.035,-1.082,0.093,-2.8074942,5.3285094,-14.3812458,88.49909268,-5.48320806,-53.69762376
0.39,39,-0.038,-1.048,0.084,-1.2032118,6.5317212,-16.7303736,88.48190394,-5.31705024,-53.64032796
0.4,40,-0.043,-1.007,0.089,-0.9740286,7.3911582,-17.5898106,88.48763352,-5.1279741,-53.571573
0.41,41,-0.045,-0.964,0.096,-2.4064236,7.1046792,-17.0741484,88.45325604,-4.96181628,-53.50281804
0.42,42,-0.045,-0.934,0.104,-4.0680018,5.6722842,-15.2979786,88.4074194,-4.80711762,-53.45125182
0.43,43,-0.046,-0.926,0.107,-5.6722842,3.4950438,-13.1207382,88.3501236,-4.68106686,-53.42260392
0.44,44,-0.048,-0.938,0.103,-6.7609044,0.7448454,-10.886202,88.27563906,-4.57220484,-53.41687434
0.45,45,-0.046,-0.958,0.095,-7.6203414,-1.6042824,-8.880849,88.235532,-4.47480198,-53.43406308
0.46,46,-0.037,-0.967,0.088,-7.734933,-3.7815228,-7.3911582,88.16104746,-4.40031744,-53.47989972
0.47,47,-0.027,-0.969,0.082,-7.1046792,-5.2139178,-6.7609044,88.0922925,-4.33156248,-53.53146594
0.48,48,-0.017,-0.965,0.08,-6.5317212,-5.5576926,-6.875496,88.02926712,-4.2685371,-53.58876174
0.49,49,-0.003,-0.957,0.086,-6.1306506,-5.7868758,-7.3911582,87.97197132,-4.19405256,-53.65178712
0.5,50,0.008,-0.952,0.091,-5.443101,-6.4744254,-7.8495246,87.95478258,-4.09092012,-53.72054208
0.51,51,0.014,-0.954,0.097,-4.9847346,-8.4797784,-7.734933,87.90894594,-4.01643558,-53.80648578
0.52,52,0.012,-0.961,0.105,-5.3285094,-11.4018642,-6.875496,87.86883888,-3.94768062,-53.92680696
0.53,53,0.002,-0.964,0.109,-5.9014674,-15.0114996,-5.2712136,87.81727266,-3.8961144,-54.07577604
0.54,54,-0.008,-0.967,0.109,-6.1306506,-19.3086846,-3.4950438,87.77143602,-3.8674665,-54.27058176
0.55,55,-0.019,-0.97,0.106,-6.4744254,-22.1734746,-1.8334656,87.7485177,-3.8388186,-54.49403538
0.56,56,-0.021,-0.968,0.101,-6.016059,-24.8663772,-0.5156622,87.70841064,-3.8388186,-54.74040732
0.57,57,-0.019,-0.96,0.096,-4.6982556,-27.5592798,0.1145916,87.67976274,-3.84454818,-55.01542716
0.58,58,-0.007,-0.954,0.097,-3.0366774,-30.1948866,0.3437748,87.67403316,-3.85027776,-55.31336532
0.59,59,0.009,-0.951,0.104,-1.8907614,-33.3461556,0.0572958,87.67976274,-3.85600734,-55.64568096
0.6,60,0.024,-0.946,0.113,-1.7761698,-37.1276784,-0.4010706,87.71414022,-3.84454818,-56.01237408
0.61,61,0.037,-0.942,0.129,-2.86479,-40.4508348,-1.0313244,87.7198698,-3.8388186,-56.41344468
0.62,62,0.047,-0.94,0.145,-4.010706,-43.7739912,-1.432395,87.71414022,-3.82735944,-56.84889276
0.63,63,0.042,-0.944,0.156,-4.1252976,-45.4928652,-1.6615782,87.70268106,-3.81590028,-57.30152958
0.64,64,0.024,-0.954,0.168,-3.6096354,-45.3782736,-2.291832,87.70268106,-3.79871154,-57.7541664
0.65,65,0.001,-0.966,0.177,-2.1772404,-43.544808,-3.2085648,87.74278812,-3.76433406,-58.1838849
0.66,66,-0.019,-0.981,0.178,-0.0572958,-41.4821592,-3.724227,87.7771656,-3.73568616,-58.59641466
0.67,67,-0.031,-0.993,0.174,1.8334656,-40.2216516,-3.724227,87.82300224,-3.70130868,-58.99748526
0.68,68,-0.024,-1.005,0.183,3.4950438,-39.534102,-3.3231564,87.8917572,-3.67266078,-59.39282628
0.69,69,-0.006,-1.018,0.214,3.8961144,-39.9351726,-3.0939732,87.96051216,-3.64401288,-59.7881673
0.7,70,0.002,-1.04,0.264,1.6042824,-41.5967508,-2.9220858,88.04645586,-3.6096354,-60.20069706
0.71,71,-0.004,-1.062,0.299,-1.432395,-41.3675676,-3.6096354,88.0636446,-3.57525792,-60.61322682
0.72,72,-0.025,-1.086,0.302,-5.2712136,-38.0444112,-5.6149884,88.04072628,-3.5236917,-60.9913791
0.73,73,-0.059,-1.102,0.291,-8.59437,-31.3408026,-8.2505952,87.97197132,-3.44347758,-61.306506
0.74,74,-0.09,-1.103,0.279,-9.1100322,-22.0015872,-10.6570188,87.89748678,-3.34034514,-61.52995962
0.75,75,-0.108,-1.102,0.262,-5.7868758,-12.605076,-12.0894138,87.8917572,-3.22575354,-61.65601038
0.76,76,-0.098,-1.099,0.257,-0.286479,-5.6149884,-12.2613012,87.89748678,-3.10543236,-61.71903576
0.77,77,-0.083,-1.077,0.267,4.6982556,-1.7761698,-10.9434978,87.94332342,-2.99657034,-61.7362245
0.78,78,-0.059,-1.025,0.291,11.2872726,0.9740286,-7.161975,88.05791502,-2.92781538,-61.73049492
0.79,79,-0.043,-1.011,0.278,14.8396122,2.3491278,-3.9534102,88.2068841,-2.88197874,-61.7075766
0.8,80,-0.088,-1.095,0.132,14.32395,3.5523396,-3.3804522,88.36158276,-2.85906042,-61.66746954
0.81,81,-0.16,-1.264,0.063,15.3552744,12.032118,-8.021412,88.51055184,-2.7788463,-61.54714836
0.82,82,-0.24,-1.411,0.158,27.1009134,21.3713334,-14.896908,88.77411252,-2.62987722,-61.3351539
0.83,83,-0.276,-1.453,0.152,39.820581,29.5646328,-20.5118964,89.16372396,-2.42361234,-61.04294532
0.84,84,-0.218,-1.401,0.171,47.3263308,34.2055926,-19.5378678,89.62209036,-2.2345362,-60.69917052
0.85,85,-0.158,-1.341,0.129,46.1804148,34.2055926,-12.8342592,90.07472718,-2.11421502,-60.35539572
0.86,86,-0.106,-1.314,0.029,41.4248634,36.4401288,-5.3858052,90.48152736,-2.06837838,-59.9887026
0.87,87,-0.043,-1.283,-0.046,41.3675676,37.7006364,-0.7448454,90.88259796,-2.06837838,-59.61055032
0.88,88,0.002,-1.197,-0.106,39.247623,29.9084076,3.6096354,91.26647982,-2.1199446,-59.31261216
0.89,89,0.04,-1.121,-0.115,34.7212548,15.9855282,7.161975,91.61025462,-2.19442914,-59.15218392
0.9,90,0.054,-1.094,-0.142,25.3820394,2.4637194,9.167328,91.82797866,-2.26891368,-59.1292656
0.91,91,0.05,-1.059,-0.194,15.8136408,-8.1932994,10.1986524,91.99413648,-2.36058696,-59.2152093
0.92,92,0.044,-1.007,-0.242,9.5111028,-15.8709366,9.9694692,92.09726892,-2.45226024,-59.37563754
0.93,93,0.027,-0.957,-0.248,4.2398892,-19.767051,7.2765666,92.15456472,-2.50955604,-59.57044326
0.94,94,0,-0.911,-0.232,-2.5210152,-20.2827132,2.1772404,92.13737598,-2.5210152,-59.77097856
0.95,95,-0.028,-0.894,-0.226,-6.1306506,-18.907614,-1.2032118,92.02278438,-2.4923673,-59.96578428
0.96,96,-0.05,-0.897,-0.225,-8.8235532,-17.3033316,-2.9220858,91.94257026,-2.45226024,-60.1319421
0.97,97,-0.058,-0.902,-0.204,-11.0007936,-16.5011904,-2.4637194,91.83943782,-2.41788276,-60.29809992
0.98,98,-0.053,-0.906,-0.177,-12.6623718,-15.5271618,-0.3437748,91.71911664,-2.4064236,-60.45279858
0.99,99,-0.043,-0.911,-0.145,-12.9488508,-14.610429,2.7501984,91.59306588,-2.42934192,-60.60176766
1,100,-0.039,-0.936,-0.099,-10.7716104,-13.6364004,6.4744254,91.46128554,-2.48090814,-60.73927758
1.01,101,-0.044,-0.981,-0.064,-8.5370742,-11.5737516,11.2299768,91.38107142,-2.58977016,-60.85959876
1.02,102,-0.062,-1.01,-0.049,-7.2192708,-8.3651868,15.756345,91.31231646,-2.74446882,-60.94554246
1.03,103,-0.097,-1.016,-0.031,-6.2452422,-5.9587632,19.8816426,91.25502066,-2.93927454,-61.00856784
1.04,104,-0.141,-1.002,-0.011,-6.8182002,-3.151269,23.2620948,91.1862657,-3.16845774,-61.0486749
1.05,105,-0.182,-0.978,0.002,-8.6516658,-0.4010706,25.3820394,91.09459242,-3.44347758,-61.06013406
1.06,106,-0.213,-0.954,0.019,-11.9175264,2.9793816,26.0122932,90.97427124,-3.70703826,-61.03721574
1.07,107,-0.224,-0.933,0.014,-15.3552744,6.4744254,25.3247436,90.813843,-3.96486936,-60.97991994
1.08,108,-0.211,-0.905,0.013,-18.7357266,9.3392154,23.9496444,90.61903728,-4.20551172,-60.88824666
1.09,109,-0.2,-0.893,0.017,-20.1681216,11.6310474,21.485925,90.40131324,-4.42323576,-60.77938464
1.1,110,-0.165,-0.896,0.031,-21.3713334,13.464513,19.9389384,90.17785962,-4.6409598,-60.6476043
1.11,111,-0.139,-0.912,0.046,-22.2880662,14.896908,19.6524594,89.93721726,-4.8414951,-60.5043648
1.12,112,-0.117,-0.933,0.048,-23.1475032,15.469866,20.2827132,89.68511574,-5.04775998,-60.35539572
1.13,113,-0.104,-0.957,0.048,-22.2880662,15.8709366,21.5432208,89.44447338,-5.26548402,-60.20069706
1.14,114,-0.103,-0.966,0.052,-19.9962342,16.9595568,22.6891368,89.22101976,-5.49466722,-60.02880966
1.15,115,-0.086,-0.948,0.046,-17.3606274,17.8189938,23.3193906,89.03194362,-5.72958,-59.85119268
1.16,116,-0.08,-0.917,0.039,-14.3812458,17.4179232,23.0902074,88.8657858,-5.96449278,-59.67930528
1.17,117,-0.081,-0.891,0.043,-11.6883432,16.3865988,21.8296998,88.72827588,-6.18221682,-59.51314746
1.18,118,-0.102,-0.877,0.061,-9.2819196,15.8136408,20.05353,88.61368428,-6.38275212,-59.35271922
1.19,119,-0.128,-0.867,0.073,-6.9327918,15.9855282,18.3919518,88.522011,-6.56609868,-59.1865614
1.2,120,-0.147,-0.858,0.075,-5.443101,16.4438946,16.7303736,88.45898562,-6.74371566,-59.02040358
1.21,121,-0.16,-0.856,0.07,-3.8388186,16.9595568,15.3552744,88.39596024,-6.89841432,-58.84851618
1.22,122,-0.164,-0.856,0.064,-2.1199446,17.8762896,13.9801752,88.3501236,-7.03592424,-58.66516962
1.23,123,-0.157,-0.857,0.065,0.6302538,19.2513888,12.7196676,88.33293486,-7.161975,-58.4703639
1.24,124,-0.158,-0.855,0.076,3.5523396,21.9442914,11.3445684,88.33866444,-7.2765666,-58.24691028
1.25,125,-0.151,-0.844,0.077,5.443101,24.2361234,10.1986524,88.37304192,-7.37969904,-58.00053834
1.26,126,-0.154,-0.835,0.069,6.6463128,24.5798982,9.740286,88.40168982,-7.4771019,-57.7541664
1.27,127,-0.159,-0.829,0.05,7.2765666,24.064236,9.740286,88.44179688,-7.57450476,-57.51352404
1.28,128,-0.151,-0.832,0.029,8.6516658,23.9496444,9.7975818,88.4933631,-7.67190762,-57.2671521
1.29,129,-0.147,-0.834,0.03,11.8602306,24.7517856,9.2819196,88.5793068,-7.7635809,-57.02078016
1.3,130,-0.15,-0.837,0.049,17.7044022,26.356068,8.1932994,88.72827588,-7.8495246,-56.7514899
1.31,131,-0.163,-0.841,0.064,23.0329116,29.5646328,6.7609044,88.91735202,-7.91827956,-56.45355174
1.32,132,-0.193,-0.848,0.09,26.4133638,33.6899304,5.443101,89.13507606,-7.96984578,-56.10977694
1.33,133,-0.231,-0.867,0.136,29.6219286,38.5600734,4.5263682,89.37571842,-8.021412,-55.7201655
1.34,134,-0.262,-0.904,0.193,31.7418732,44.0604702,4.4690724,89.62781994,-8.07297822,-55.27898784
1.35,135,-0.283,-0.955,0.243,30.8824362,47.7274014,4.9847346,89.88565104,-8.14173318,-54.79770312
1.36,136,-0.289,-1.02,0.272,28.6479,49.847346,5.3285094,90.10337508,-8.20475856,-54.29922966
1.37,137,-0.298,-1.103,0.322,24.8663772,52.0818822,5.156622,90.2695329,-8.27351352,-53.77783788
1.38,138,-0.294,-1.164,0.351,21.485925,56.0352924,4.4117766,90.40131324,-8.33080932,-53.21633904
1.39,139,-0.272,-1.166,0.34,22.6891368,58.0406454,3.3231564,90.53882316,-8.38810512,-52.63192188
1.4,140,-0.25,-1.16,0.36,27.501984,57.009321,2.0626488,90.74508804,-8.42821218,-52.05896388
1.41,141,-0.241,-1.191,0.401,28.361421,55.0612638,2.1199446,90.94562334,-8.47404882,-51.5089242
1.42,142,-0.225,-1.225,0.373,25.1528562,49.3889796,3.9534102,91.11751074,-8.53134462,-51.01045074
1.43,143,-0.191,-1.27,0.338,23.1475032,37.8725238,7.0473834,91.29512772,-8.61728832,-50.63229846
1.44,144,-0.147,-1.328,0.342,21.1421502,22.8037284,11.2299768,91.4727447,-8.7376095,-50.40311526
1.45,145,-0.094,-1.354,0.337,17.475219,8.7089616,15.4125702,91.6446321,-8.89230816,-50.32290114
1.46,146,-0.038,-1.356,0.269,11.9175264,-2.7501984,18.1627686,91.77068286,-9.06992514,-50.35727862
1.47,147,0.009,-1.379,0.164,7.0473834,-14.1520626,20.5118964,91.8738153,-9.26473086,-50.50051812
1.48,148,0.036,-1.465,0.092,4.0680018,-28.5333084,24.637194,91.96548858,-9.48818448,-50.79845628
1.49,149,0.03,-1.518,0.077,4.4117766,-46.4668938,30.080295,92.09726892,-9.75747474,-51.27401142
1.5,150,-0.016,-1.452,0.044,9.6829902,-60.733548,30.1948866,92.30926338,-10.00957626,-51.89280606
1.51,151,-0.08,-1.327,0.037,9.9694692,-65.5463952,24.637194,92.53844658,-10.21011156,-52.55743734
1.52,152,-0.179,-1.175,0.053,10.3705398,-66.176649,12.605076,92.76762978,-10.2845961,-53.2277982
1.53,153,-0.275,-1.077,-0.022,14.7250206,-57.4103916,-3.3231564,93.03119046,-10.21011156,-53.8007562
1.54,154,-0.329,-1.036,-0.134,18.3919518,-36.2682414,-16.902261,93.28329198,-10.00957626,-54.15026058
1.55,155,-0.324,-0.987,-0.143,16.1001198,-12.6623718,-25.1528562,93.43226106,-9.7689339,-54.25339302
1.56,156,-0.354,-0.926,-0.168,13.0634424,2.6356068,-27.501984,93.55831182,-9.49964364,-54.20755638
1.57,157,-0.413,-0.859,-0.215,11.3445684,21.3140376,-26.0122932,93.63279636,-9.25900128,-53.97837318
1.58,158,-0.434,-0.799,-0.216,14.037471,36.7266078,-21.772404,93.7072809,-9.07565472,-53.59449132
1.59,159,-0.416,-0.759,-0.176,11.0007936,41.3675676,-16.615782,93.74738796,-8.94960396,-53.1705024
1.6,160,-0.358,-0.717,-0.161,2.6356068,41.1956802,-10.9434978,93.67290342,-8.90376732,-52.74651348
1.61,161,-0.257,-0.722,-0.185,-5.0993262,39.4768062,-5.3858052,93.55258224,-8.88657858,-52.35117246
1.62,162,-0.118,-0.801,-0.2,-11.9748222,36.1536498,-1.2605076,93.36923568,-8.90376732,-51.99020892
1.63,163,0,-0.904,-0.223,-16.6730778,31.7418732,0.6302538,93.15151164,-8.9381448,-51.67508202
1.64,164,0.1,-1.021,-0.228,-17.9335854,26.9863218,1.8907614,92.92232844,-8.98398144,-51.41152134
1.65,165,0.146,-1.089,-0.205,-15.9282324,21.6005166,2.8074942,92.68168608,-8.97825186,-51.19952688
1.66,166,0.132,-1.089,-0.162,-11.2299768,15.756345,2.2345362,92.53844658,-9.01262934,-51.04482822
1.67,167,0.071,-1.034,-0.13,-5.2139178,11.5164558,-0.286479,92.46969162,-9.01835892,-50.93023662
1.68,168,-0.002,-0.99,-0.105,0.9740286,8.880849,-4.1252976,92.46396204,-8.98398144,-50.83856334
1.69,169,-0.075,-0.995,-0.076,5.9014674,8.021412,-8.880849,92.50979868,-8.89803774,-50.75261964
1.7,170,-0.133,-1.037,-0.043,9.6256944,7.9068204,-14.037471,92.57282406,-8.76052782,-50.66094636
1.71,171,-0.15,-1.056,-0.011,11.0007936,7.2765666,-17.761698,92.67022692,-8.58864042,-50.58073224
1.72,172,-0.127,-1.024,0.004,9.6256944,6.6463128,-19.0795014,92.75617062,-8.39956428,-50.50051812
1.73,173,-0.094,-0.972,0.012,7.7922288,5.72958,-18.5065434,92.819196,-8.2219473,-50.43749274
1.74,174,-0.058,-0.912,0.011,6.6463128,3.0939732,-16.902261,92.88222138,-8.05578948,-50.3916561
1.75,175,-0.036,-0.874,0.009,7.2765666,-0.1718874,-15.5844576,92.94524676,-7.8781725,-50.38592652
1.76,176,-0.024,-0.85,0.019,7.8495246,-3.0366774,-14.2666542,93.02546088,-7.72920342,-50.40884484
1.77,177,-0.012,-0.841,0.03,7.3911582,-5.443101,-13.1207382,93.105675,-7.59742308,-50.45468148
1.78,178,0.004,-0.842,0.038,6.3598338,-7.9641162,-12.605076,93.18015954,-7.46564274,-50.52916602
1.79,179,0.025,-0.852,0.041,4.9847346,-10.7716104,-12.4331886,93.2489145,-7.3338624,-50.62656888
1.8,180,0.04,-0.867,0.042,3.3804522,-14.4958374,-12.4904844,93.29475114,-7.161975,-50.7640788
1.81,181,0.043,-0.88,0.047,2.291832,-18.621135,-12.605076,93.34058778,-7.0187355,-50.94169578
1.82,182,0.039,-0.9,0.053,2.1772404,-22.5745452,-12.1467096,93.392154,-6.88122558,-51.15941982
1.83,183,0.032,-0.912,0.068,2.9220858,-25.6112226,-11.0580894,93.45517938,-6.74944524,-51.40579176
1.84,184,0.017,-0.915,0.082,4.7555514,-29.0489706,-9.2819196,93.54112308,-6.62912406,-51.68654118
1.85,185,0.001,-0.908,0.102,6.6463128,-31.0543236,-6.875496,93.6499851,-6.51453246,-51.99020892
1.86,186,-0.026,-0.889,0.135,9.3392154,-32.3148312,-4.2398892,93.78749502,-6.44004792,-52.30533582
1.87,187,-0.067,-0.862,0.187,16.329303,-33.6899304,-1.3178034,93.9937599,-6.39421128,-52.63765146
1.88,188,-0.098,-0.846,0.275,28.8197874,-33.1742682,1.2605076,94.32607554,-6.37129296,-52.96423752
1.89,189,-0.095,-0.841,0.31,31.3980984,-27.1582092,2.3491278,94.6813095,-6.36556338,-53.23352778
1.9,190,-0.065,-0.816,0.199,30.8824362,-23.3193906,2.2345362,95.03081388,-6.35410422,-53.46271098
1.91,191,-0.053,-0.827,0.17,33.5753388,-26.5852512,2.1772404,95.40323658,-6.34264506,-53.72054208
1.92,192,-0.068,-0.838,0.189,34.6066632,-27.788463,3.724227,95.79284802,-6.34264506,-53.99556192
1.93,193,-0.094,-0.836,0.209,34.37748,-25.6112226,6.2452422,96.1710003,-6.37129296,-54.25339302
1.94,194,-0.107,-0.825,0.217,32.945085,-21.485925,8.5370742,96.53196384,-6.42285918,-54.47111706
1.95,195,-0.106,-0.809,0.217,31.6845774,-17.4179232,10.1413566,96.89292738,-6.49734372,-54.64873404
1.96,196,-0.123,-0.797,0.237,32.085648,-12.891555,10.6570188,97.23670218,-6.58328742,-54.78624396
1.97,197,-0.14,-0.798,0.264,33.9191136,-7.161975,10.1986524,97.59193614,-6.66923112,-54.86645808
1.98,198,-0.164,-0.804,0.287,36.4974246,-1.7761698,8.7662574,97.96435884,-6.74944524,-54.8893764
1.99,199,-0.177,-0.817,0.317,39.0184398,1.8907614,6.6463128,98.35969986,-6.8182002,-54.87791724
2,200,-0.171,-0.833,0.339,40.4508348,4.9274388,5.3285094,98.79514794,-6.88695516,-54.8320806
2.01,201,-0.159,-0.863,0.341,38.3308902,6.4744254,5.5576926,99.17330022,-6.94998054,-54.7747848
2.02,202,-0.132,-0.909,0.327,31.51269,6.8182002,6.6463128,99.48842712,-7.02446508,-54.71175942
2.03,203,-0.095,-0.955,0.294,21.1421502,6.1879464,7.7922288,99.694692,-7.11613836,-54.6601932
2.04,204,-0.046,-1.007,0.241,10.2559482,4.6982556,7.734933,99.79209486,-7.19635248,-54.62581572
2.05,205,-0.009,-1.039,0.227,-0.1718874,0.5156622,6.6463128,99.80355402,-7.1906229,-54.64300446
2.06,206,0.008,-1.057,0.23,-8.307891,-2.86479,5.2139178,99.7233399,-7.23645954,-54.67738194
2.07,207,-0.019,-1.058,0.243,-11.745639,-3.5523396,3.0366774,99.6087483,-7.25937786,-54.717489
2.08,208,-0.083,-1.041,0.266,-13.0061466,-3.2658606,0.9740286,99.48269754,-7.25937786,-54.75759606
2.09,209,-0.143,-1.039,0.294,-13.8082878,-2.6929026,-0.9740286,99.34518762,-7.2479187,-54.78051438
2.1,210,-0.185,-1.072,0.307,-14.037471,-3.2658606,-2.2345362,99.23059602,-7.23072996,-54.81489186
2.11,211,-0.175,-1.112,0.308,-11.0580894,-6.7036086,-3.151269,99.12746358,-7.18489332,-54.87791724
2.12,212,-0.126,-1.148,0.305,-8.7662574,-14.5531332,-4.2398892,99.05870862,-7.12186794,-55.01542716
2.13,213,-0.05,-1.153,0.312,-9.6256944,-24.8090814,-5.0420304,98.99568324,-7.02446508,-55.25033994
2.14,214,0.008,-1.157,0.331,-11.2872726,-32.8304934,-5.0993262,98.9211987,-6.91560306,-55.56546684
2.15,215,0.031,-1.161,0.325,-17.18874,-38.674665,-4.3544808,98.8066071,-6.7895523,-55.93788954
2.16,216,0.037,-1.18,0.313,-26.4706596,-44.2896534,-4.0680018,98.59461264,-6.6749607,-56.37333762
2.17,217,0.054,-1.202,0.261,-36.7266078,-49.1025006,-4.3544808,98.27948574,-6.54890994,-56.84889276
2.18,218,0.073,-1.19,0.204,-47.269035,-53.5142772,-4.1252976,97.86695598,-6.42285918,-57.37601412
2.19,219,0.084,-1.149,0.192,-56.6655462,-59.5303362,-1.7761698,97.36848252,-6.31399716,-57.96616086
2.2,220,0.09,-1.126,0.211,-65.030733,-68.8122558,2.1199446,96.78979494,-6.22805346,-58.65371046
2.21,221,0.085,-1.12,0.188,-74.5418358,-78.5525418,5.6722842,96.13089324,-6.17648724,-59.4443925
2.22,222,0.069,-1.09,0.146,-84.3394176,-84.6831924,7.3338624,95.38031826,-6.14783934,-60.29809992
2.23,223,0.025,-1.038,0.138,-92.0170548,-88.1782362,7.9641162,94.54952916,-6.13638018,-61.18618482
2.24,224,-0.026,-1,0.157,-96.829902,-92.4181254,8.8235532,93.68436258,-6.14210976,-62.12010636
2.25,225,-0.065,-0.977,0.178,-99.7519878,-97.0590852,9.6829902,92.7905481,-6.1592985,-63.09986454
2.26,226,-0.086,-0.971,0.23,-101.8719324,-99.6373962,11.2299768,91.87954488,-6.21086472,-64.10254104
2.27,227,-0.077,-0.972,0.28,-103.991877,-101.9292282,13.5791046,90.95135292,-6.302538,-65.13386544
2.28,228,-0.033,-0.967,0.322,-106.9712586,-103.705398,15.6990492,89.99451306,-6.43431834,-66.176649
2.29,229,0.024,-0.947,0.348,-107.6588082,-103.3616232,15.9855282,89.03194362,-6.57755784,-67.21370298
2.3,230,0.074,-0.916,0.375,-106.3983006,-102.7313694,14.2666542,88.10375166,-6.72079734,-68.25075696
2.31,231,0.103,-0.89,0.399,-105.3096804,-103.5908064,10.4851314,87.16983012,-6.8468481,-69.28781094
2.32,232,0.126,-0.86,0.428,-105.6534552,-106.6847796,6.589017,86.24163816,-6.95571012,-70.3592424
2.33,233,0.159,-0.83,0.475,-105.99723,-112.586247,5.7868758,85.31917578,-7.07030172,-71.48796966
2.34,234,0.199,-0.82,0.555,-104.3929476,-123.6443364,10.2559482,84.43109088,-7.25937786,-72.71982936
2.35,235,0.227,-0.879,0.724,-110.5235982,-136.8796662,19.480572,83.52008766,-7.55731602,-74.07201024
2.36,236,0.259,-0.957,0.853,-145.1875572,-149.0836716,32.2002396,82.26530964,-8.03287116,-75.52732356
2.37,237,0.257,-0.92,0.59,-179.6796288,-176.5283598,48.9306132,80.71259346,-8.74333908,-77.22900882
2.38,238,0.309,-0.836,0.334,-164.0378754,-196.8683688,65.7182826,79.37187174,-9.6829902,-79.07966316
2.39,239,0.404,-0.756,0.443,-141.5779218,-214.4581794,76.6044846,78.31762902,-10.8002583,-81.06782742
2.4,240,0.443,-0.613,0.293,-124.2172944,-250.2107586,85.5426294,77.56132446,-12.08368422,-83.38830732
2.41,241,0.271,-0.433,0.407,-115.1072622,-282.181815,89.954406,77.01128478,-13.50462006,-86.00672538
2.42,242,0.115,-0.186,0.385,-130.1760576,-305.7303888,87.5479824,76.43832678,-14.97712212,-88.8657858
2.43,243,0.057,-0.077,0.191,-126.910197,-328.304934,84.4540092,76.03725618,-16.48973124,-91.97121816
2.44,244,0.016,-0.103,-0.009,-132.1814106,-340.6808268,82.0475856,75.70494054,-18.02525868,-95.21989002
2.45,245,-0.065,-0.085,-0.183,-143.4686832,-330.2529912,77.8076964,75.30959952,-19.52067906,-98.38834776
2.46,246,-0.225,-0.074,-0.258,-137.796399,-299.943513,69.1560306,74.95436556,-20.8843191,-101.2932448
2.47,247,-0.463,-0.086,-0.117,-125.3059146,-265.7379204,60.733548,74.66788656,-22.09326048,-103.8772854
2.48,248,-0.795,-0.121,-0.155,-118.029348,-239.8975146,52.8840234,74.41005546,-23.18188068,-106.2378724
2.49,249,-0.978,-0.128,-0.266,-113.2165008,-221.6201544,46.0085274,74.1694131,-24.17309802,-108.4323015
2.5,250,-0.969,-0.162,-0.186,-107.2004418,-210.848544,39.0184398,73.99179612,-25.08983082,-110.5465165
2.51,251,-0.745,-0.175,-0.071,-108.1744704,-206.3794716,33.231564,73.8256383,-25.93207908,-112.6492724
2.52,252,-0.346,-0.191,-0.137,-103.5335106,-203.6292732,29.1635622,73.73396502,-26.7284907,-114.7405691
2.53,253,0.084,-0.258,-0.158,-87.949053,-201.1655538,29.6219286,73.81417914,-27.52490232,-116.8204066
2.54,254,0.415,-0.355,0.096,-77.5785132,-197.67051,34.8358464,74.00898486,-28.35569142,-118.8601371
2.55,255,0.501,-0.401,0.296,-77.1774426,-186.6697164,40.393539,74.19233142,-29.18648052,-120.7910056
2.56,256,0.396,-0.365,0.21,-80.9589654,-170.9133714,46.5241896,74.26108638,-30.0516471,-122.544257
2.57,257,0.127,-0.341,0.14,-82.505952,-156.704013,54.5456016,74.24962722,-30.96265032,-124.1256211
2.58,258,-0.153,-0.395,0.158,-84.4540092,-149.0836716,63.1399716,74.18660184,-31.93667892,-125.6095823
2.59,259,-0.334,-0.455,0.124,-78.0368796,-150.1722918,71.3905668,74.21524974,-32.99665122,-127.0992731
2.6,260,-0.391,-0.484,0.077,-77.2920342,-157.1050836,76.2607098,74.32984134,-34.11391932,-128.6749076
2.61,261,-0.321,-0.374,-0.006,-77.2347384,-168.2777646,76.0315266,74.55329496,-35.25410574,-130.3995112
2.62,262,-0.156,-0.173,0.146,-78.0941754,-175.5543312,68.8695516,74.87415144,-36.33126678,-132.2673543
2.63,263,0.012,-0.071,0.465,-77.8076964,-180.0234036,61.4210976,75.29814036,-37.33967286,-134.249789
2.64,264,0.174,-0.059,0.233,-67.9528188,-168.8507226,54.9466722,75.79661382,-38.25067608,-136.14628
2.65,265,0.197,-0.294,-0.2,-51.3370368,-136.7077788,54.3737142,76.23779148,-39.05281728,-137.6703482
2.66,266,-0.133,-0.617,-0.284,-54.9466722,-129.202029,68.9841432,76.59875502,-39.98673882,-139.0855545
2.67,267,-0.488,-0.791,-0.116,-52.8267276,-141.520626,96.7726062,77.08003974,-41.21286894,-140.6153524
2.68,268,-0.544,-0.731,0.029,-51.56622,-161.9752266,124.9621398,77.75613018,-42.73120764,-142.3743334
2.69,269,-0.157,-0.601,0.029,-53.285094,-190.9669014,138.8850192,78.7530771,-44.42143374,-144.5687626
2.7,270,0.516,-0.501,0.044,-48.3003594,-206.4367674,130.6917198,80.0995284,-46.00279782,-147.1069665
2.71,271,0.93,-0.382,0.118,-30.1375908,-214.4008836,119.4044472,81.86423904,-47.45238156,-149.9087311
2.72,272,0.783,-0.396,0.223,-16.8449652,-223.0525494,117.1126152,84.01856112,-48.8160216,-152.9912452
2.73,273,0.261,-0.512,0.302,-21.485925,-245.9135736,128.2852962,86.56822422,-50.2197687,-156.5779622
2.74,274,-0.33,-0.7,0.327,-21.0848544,-273.5301492,141.9216966,89.67365658,-51.64643412,-160.8063923
2.75,275,-0.977,-0.911,0.269,-18.4492476,-295.1879616,149.1409674,93.3635061,-52.9699671,-165.6478874
2.76,276,-1.877,-1.042,0.077,-26.9863218,-295.7036238,160.0271694,97.27680924,-54.2018268,-170.7987798
2.77,277,-3.101,-1.145,0.059,-18.2200644,-254.106873,178.9347834,101.0468729,-55.4909823,-175.5887087
2.78,278,-3.961,-1.174,-0.015,6.2452422,-210.848544,191.7690426,104.7940182,-56.82597444,-179.9890261
2.79,279,-3.999,-0.456,0.12,7.448454,-176.9294304,216.0624618,108.4895973,-58.33285398,175.7548665
2.8,280,-3.999,0.262,0.052,16.8449652,-144.6145992,241.7309802,112.3112272,-60.0459984,171.5264365
2.81,281,-3.793,0.455,0.094,-18.3919518,-48.987909,268.5454146,114.8895382,-62.27480502,168.3751675
2.82,282,-2.145,1.521,1.067,-129.0874374,-14.5531332,349.9627464,116.9980236,-65.34013032,164.5821855
2.83,283,-2.162,1.287,1.623,43.6021038,-86.6312496,356.379876,123.2432658,-67.95854838,158.2853771
2.84,284,-2.436,0.789,1.434,214.9165458,-91.6159842,319.2521976,132.2387064,-69.88941684,151.0088105
2.85,285,-3.054,0.883,0.976,184.3778844,-78.0941754,318.6219438,142.1566094,-71.45932176,142.5061138
2.86,286,-2.535,0.454,1.804,183.2892642,-121.180617,315.9290412,153.9194371,-72.08957556,132.1069261
2.87,287,-2.247,0.304,1.459,140.5465974,-127.3685634,310.1994612,165.4931887,-71.96925438,121.4613664
2.88,288,-2.095,0.654,1.252,143.2395,-147.536685,318.7938312,176.8434867,-71.01241452,111.0564491
2.89,289,-2.089,0.271,1.137,144.5000076,-164.0951712,307.105488,-173.4859528,-69.30499968,102.3761354
2.9,290,-1.887,-0.088,0.831,98.2050012,-149.6566296,283.2131394,-166.2724116,-67.36267206,95.7126339
2.91,291,-1.733,-0.029,0.776,86.9177286,-121.6962792,258.8051286,-160.5943978,-65.4890994,90.50444568
2.92,292,-1.654,0.303,0.685,86.803137,-97.689339,227.1205512,-156.0852184,-63.77595498,86.51092842
2.93,293,-1.473,0.597,0.356,85.1988546,-88.4647152,182.3725314,-152.7907099,-62.2232388,83.80083708
2.94,294,-1.392,0.563,0.321,94.5953658,-89.8398144,142.8384294,-150.3441792,-60.7908438,82.12779972
2.95,295,-1.426,0.537,0.437,84.7404882,-109.5495696,109.7787528,-148.8315701,-59.3298009,81.39441348
2.96,296,-1.369,0.466,0.291,57.8114622,-122.3838288,75.6877518,-148.2586121,-57.93178338,81.43452054
2.97,297,-1.392,0.502,0.205,40.393539,-120.607659,49.2170922,-148.2070459,-56.68273494,81.88142778
2.98,298,-1.298,0.444,0.253,34.2628884,-111.72681,24.4653066,-148.4362291,-55.6342218,82.59762528
2.99,299,-1.18,0.457,0.397,20.912967,-103.5908064,3.724227,-148.96908,-54.75759606,83.51435808
3,300,-1.041,0.567,0.354,22.6891368,-94.1942952,-4.1825934,-149.4446351,-54.0012915,84.41390214
3.01,301,-0.892,0.469,0.481,26.4706596,-93.392154,-16.5011904,-150.0175931,-53.30228274,85.47387444
3.02,302,-0.697,0.343,0.413,27.501984,-91.5013926,-30.939732,-150.7051427,-52.68921768,86.70000456
3.03,303,-0.605,0.174,0.366,35.1796212,-91.0430262,-44.977203,-151.438529,-52.13344842,88.08656292
3.04,304,-0.612,0.078,0.338,36.1536498,-91.8451674,-54.43101,-152.2406702,-51.60632706,89.58771288
3.05,305,-0.401,0.035,0.326,39.9924684,-80.8443738,-59.4157446,-152.9740564,-51.18806772,91.06021494
3.06,306,-0.321,0.158,0.371,29.9084076,-72.7083702,-54.3737142,-153.6787948,-50.79845628,92.36655918
3.07,307,-0.282,0.363,0.434,12.7196676,-73.7969904,-45.2063862,-154.4408289,-50.35154904,93.52966392
3.08,308,-0.213,0.546,0.438,2.4064236,-81.0162612,-35.6379876,-155.2200518,-49.7900502,94.58963622
3.09,309,-0.091,0.617,0.426,-1.3750992,-95.5693944,-26.5852512,-155.9820859,-49.05093438,95.5980423
3.1,310,-0.035,0.539,0.309,1.5469866,-108.6901326,-20.7410796,-156.6524468,-48.14566074,96.54915258
3.11,311,0.066,0.357,0.21,7.5057498,-116.3677698,-15.9282324,-157.2483231,-47.16017298,97.47734454
3.12,312,0.129,0.21,0.186,-3.4950438,-118.5450102,-6.875496,-157.8384698,-46.11738942,98.262297
3.13,313,0.134,0.143,0.223,-21.4286292,-118.3731228,3.8961144,-158.4801828,-45.02303964,98.87536206
3.14,314,0.139,0.147,0.328,-42.685371,-118.7741934,15.6417534,-159.2021099,-43.88285322,99.30508056
3.15,315,0.119,0.266,0.341,-62.165943,-116.8261362,27.0436176,-159.9698736,-42.685371,99.53999334
3.16,316,-0.014,0.507,0.351,-75.630456,-119.9201094,39.9351726,-160.7662852,-41.43632256,99.61447788
3.17,317,-0.077,0.781,0.419,-93.965112,-149.7712212,60.16059,-161.6543701,-39.84349932,99.53999334
3.18,318,-0.09,0.812,0.513,-107.9452872,-195.2640864,75.630456,-162.6570466,-37.77512094,99.44259048
3.19,319,-0.211,0.418,0.724,-107.6588082,-233.8241598,68.5257768,-163.7743147,-35.36869734,99.53426376
3.2,320,-0.345,0.172,0.786,-122.3838288,-242.8196004,60.5043648,-165.0634702,-32.89351878,99.68323284
3.21,321,-0.541,0.612,1.265,-178.9920792,-270.9518382,75.4012728,-166.83964,-30.1089429,99.67177368
3.22,322,-0.701,1.285,1.8,-223.5109158,-305.7876846,72.4218912,-169.0627171,-26.9863218,99.6660441
3.23,323,-0.461,0.681,1.715,-172.9187244,-311.0588982,15.8709366,-170.9878559,-23.92672608,100.1645176
3.24,324,-0.27,0.23,1.241,-131.207382,-263.6752716,4.4117766,-172.4488988,-21.33695592,100.5885065
3.25,325,-0.314,0.37,1.557,-91.8451674,-185.2373214,-2.1199446,-173.4573049,-19.51494948,100.8979038
3.26,326,-0.399,0.393,1.582,-73.1667366,-121.3525044,-4.9847346,-174.2594461,-18.31746726,101.1156278
3.27,327,-0.447,0.316,1.53,-79.6984578,-85.2561504,-5.6722842,-175.1016944,-17.48094858,101.2760561
3.28,328,-0.48,0.247,1.581,-80.7297822,-74.0261736,-2.5210152,-175.9439426,-16.74183276,101.3791885
3.29,329,-0.433,0.195,1.639,-74.5418358,-64.5723666,-0.6302538,-176.7059768,-16.1001198,101.4422139
3.3,330,-0.454,0.119,1.628,-59.3584488,-57.9833496,0.7448454,-177.3133123,-15.52143222,101.4765914
3.31,331,-0.445,-0.026,1.597,-47.2117392,-53.3996856,1.0313244,-177.794597,-14.98858128,101.4995097
3.32,332,-0.443,-0.018,1.479,-35.0650296,-52.5975444,0.9740286,-178.1441014,-14.46145992,101.522428
3.33,333,-0.307,0.075,1.337,-23.9496444,-54.0299394,-0.5156622,-178.3904733,-13.92860898,101.5568055
3.34,334,-0.265,0.094,1.141,-22.2307704,-51.56622,-5.156622,-178.6311157,-13.41867636,101.6370196
3.35,335,-0.219,0.123,1.021,-24.1788276,-46.0085274,-17.5325148,-178.9290538,-12.96030996,101.8375549
3.36,336,-0.207,0.083,0.926,-24.9809688,-36.4974246,-23.204799,-179.2327216,-12.59934642,102.0896564
3.37,337,-0.289,0.252,0.915,-14.0947668,-17.761698,-60.0459984,-179.5077414,-12.42745902,102.7084511
3.38,338,-0.22,0.119,0.904,-5.9587632,0.9740286,-89.8971102,-179.7655725,-12.44464776,103.6194543
3.39,339,-0.193,0.146,0.91,2.6356068,13.464513,-108.9766116,-179.9832965,-12.58788726,104.7252632
3.4,340,-0.174,0.189,0.938,13.9228794,23.8923486,-119.2325598,179.8916233,-12.82280004,105.928475
3.41,341,-0.181,0.137,0.9,22.6891368,28.074942,-111.72681,179.8629754,-13.10354946,107.0629319
3.42,342,-0.196,-0.114,0.82,20.8556712,26.356068,-101.986524,179.8343275,-13.36711014,108.0942563
3.43,343,-0.179,-0.212,0.794,12.6623718,20.05353,-84.9696714,179.7598429,-13.56764544,108.9594229
3.44,344,-0.192,-0.227,0.747,10.0840608,11.172681,-65.317212,179.7025471,-13.67650746,109.6240541
3.45,345,-0.162,-0.215,0.759,7.8495246,3.2085648,-45.7793442,179.6337922,-13.69942578,110.1053389
3.46,346,-0.174,-0.031,0.816,-3.2085648,-2.1199446,-22.8037284,179.5478485,-13.67650746,110.3402516
3.47,347,-0.229,0.101,0.864,-5.0993262,-1.145916,-11.9748222,179.4676343,-13.6650483,110.4605728
3.48,348,-0.244,0.051,0.931,-9.0527364,3.2658606,-10.599723,179.3473132,-13.6936962,110.5694348
3.49,349,-0.207,0.007,0.972,-8.4224826,5.156622,-8.9381448,179.2384511,-13.74526242,110.6553785
3.5,350,-0.203,-0.13,1.005,-10.1413566,2.1772404,-6.9900876,179.0092679,-13.750992,110.758511
3.51,351,-0.257,-0.251,1.038,-10.886202,-1.3178034,-7.161975,178.8832172,-13.73380326,110.8329955
3.52,352,-0.323,-0.167,1.051,-9.0527364,-4.1825934,-6.016059,178.7743552,-13.6936962,110.8960209
3.53,353,-0.291,-0.029,1.082,-5.5003968,-7.6776372,-4.2398892,178.7113298,-13.61348208,110.936128
3.54,354,-0.297,0.025,1.081,-4.4117766,-11.0580894,-2.4637194,178.6597636,-13.50462006,110.9647759
3.55,355,-0.291,-0.046,1.079,-6.1306506,-13.5218088,-2.9220858,178.5623607,-13.3785693,110.9991533
3.56,356,-0.299,-0.028,1.071,-5.2139178,-10.9434978,-2.005353,178.5107945,-13.26970728,111.0220717
3.57,357,-0.215,0.019,1.034,-2.7501984,-7.734933,-0.1145916,178.4821466,-13.18949316,111.0220717
3.58,358,-0.231,-0.026,1.014,-4.0680018,-1.432395,-0.6302538,178.4363099,-13.178034,111.0278012
3.59,359,-0.245,-0.014,0.988,-3.3804522,3.9534102,-0.572958,178.4019325,-13.21241148,111.0335308
3.6,360,-0.316,0,1,-1.432395,6.1306506,0.3437748,178.407662,-13.37283972,111.0220717
3.61,361,-0.309,0.001,0.998,-0.8021412,5.5003968,1.0313244,178.4019325,-13.42440594,111.0106125
3.62,362,-0.273,-0.005,1.016,-0.9740286,4.9847346,1.2032118,178.3962029,-13.47597216,110.9991533
3.63,363,-0.305,-0.029,1.007,-0.859437,6.7609044,1.3178034,178.3904733,-13.54472712,110.9819646
3.64,364,-0.267,-0.01,1.003,2.005353,6.1879464,1.0313244,178.407662,-13.6077525,110.976235
3.65,365,-0.26,0.011,0.986,1.2605076,8.3651868,2.2345362,178.4534987,-13.70515536,110.9418575
3.66,366,-0.281,0.001,0.971,2.1199446,9.1100322,2.5210152,178.4821466,-13.79682864,110.9189392
3.67,367,-0.292,-0.012,0.974,3.2658606,8.7089616,3.0939732,178.5222536,-13.88277234,110.8845617
3.68,368,-0.289,-0.006,0.979,4.7555514,9.0527364,4.4117766,178.5795494,-13.97444562,110.8387251
3.69,369,-0.281,-0.014,0.975,5.156622,9.5111028,6.2452422,178.6483044,-14.07184848,110.7756997
3.7,370,-0.301,0.003,0.978,5.2712136,11.2872726,7.161975,178.7285185,-14.2093584,110.6954856
3.71,371,-0.179,0.018,0.951,6.016059,10.1986524,10.7716104,178.8144622,-14.31249084,110.5866236
3.72,372,-0.324,0.051,0.996,8.021412,8.9954406,10.1413566,178.9233242,-14.40416412,110.4834911
3.73,373,-0.302,0.036,0.982,1.9480572,13.0061466,4.9847346,178.9519721,-14.53021488,110.4319249
3.74,374,-0.168,0.07,0.92,-1.0886202,12.8342592,5.6149884,178.9519721,-14.66199522,110.3746291
3.75,375,-0.431,0.001,0.966,-0.1718874,6.0733548,6.7036086,178.9863496,-14.7536685,110.294415
3.76,376,-0.307,0.016,0.898,-6.5317212,7.1046792,0.2291832,178.9175947,-14.82815304,110.294415
3.77,377,-0.294,0.033,0.891,-6.9327918,0.5156622,-0.4010706,178.8488397,-14.82815304,110.294415
3.78,378,-0.298,0.021,0.894,-8.4224826,-4.8128472,-1.8334656,178.7571664,-14.7823164,110.3116037
3.79,379,-0.29,0.017,0.898,-8.8235532,-9.8548776,-3.2658606,178.6597636,-14.68491354,110.3459812
3.8,380,-0.29,0.016,0.902,-8.9954406,-13.9801752,-5.5576926,178.5680903,-14.55886278,110.403277
3.81,381,-0.287,0.02,0.916,-10.4851314,-19.194093,-6.9900876,178.4477691,-14.36405706,110.472032
3.82,382,-0.281,0.017,0.949,-11.0580894,-22.8037284,-8.4797784,178.3159888,-14.13487386,110.5579757
3.83,383,-0.272,0.019,0.984,-9.5683986,-24.1215318,-10.313244,178.1956676,-13.8942315,110.6611081
3.84,384,-0.279,0.044,0.987,-6.8182002,-23.204799,-12.1467096,178.0982647,-13.65931872,110.7871589
3.85,385,-0.284,-0.042,0.981,0.2291832,-24.923673,-18.2200644,178.0524281,-13.41867636,110.9705054
3.86,386,-0.283,0.013,0.977,-6.9900876,-22.9756158,-12.2613012,177.9550252,-13.18376358,111.0965562
3.87,387,-0.273,-0.025,0.984,-2.1772404,-24.4653066,-16.2720072,177.8977294,-12.93739164,111.2569844
3.88,388,-0.276,-0.013,1.007,-4.8128472,-22.5172494,-15.2406828,177.8175153,-12.70820844,111.4116831
3.89,389,-0.273,0.032,1.003,-6.4171296,-20.05353,-16.5011904,177.7201124,-12.50194356,111.5778409
3.9,390,-0.259,-0.071,1.009,-5.6722842,-16.2720072,-18.1627686,177.6227096,-12.34151532,111.7554579
3.91,391,-0.27,0.075,0.995,-3.3231564,-10.3705398,-20.7983754,177.548225,-12.2326533,111.9674524
3.92,392,-0.255,0.003,0.977,-3.5523396,-8.0787078,-22.2307704,177.4622813,-12.14098002,112.190906
3.93,393,-0.26,0.089,0.965,-7.448454,-5.0993262,-18.5638392,177.3476897,-12.08368422,112.3799821
3.94,394,-0.226,-0.246,0.919,-2.3491278,-1.9480572,-24.4653066,177.2732052,-12.05503632,112.6263541
3.95,395,-0.259,-0.053,0.979,-8.8235532,-2.86479,-11.0580894,177.2101798,-12.04357716,112.7237569
3.96,396,-0.173,-0.378,0.977,7.2765666,4.9847346,-19.9389384,177.2388277,-12.08368422,112.9300218
3.97,397,-0.246,-0.066,1.043,-10.026765,5.0993262,-6.2452422,177.1242361,-12.12952086,112.9930472
3.98,398,-0.338,0.2,1.026,6.7036086,13.750992,-16.1574156,177.152884,-12.2613012,113.159205
3.99,399,-0.193,-0.252,0.918,-13.2353298,6.589017,-10.8289062,176.9924558,-12.318597,113.268067
4,400,-0.275,-0.049,0.961,-9.8548776,4.1252976,-3.2085648,176.8950529,-12.39308154,113.3024445
4.01,401,-0.453,0.357,1.022,-4.0680018,8.3651868,-6.1879464,176.8377571,-12.47329566,113.3654699
4.02,402,-0.064,-0.454,0.904,7.6203414,14.2666542,-11.172681,176.8893233,-12.61080558,113.4857911
4.03,403,-0.264,-0.045,0.987,-4.9274388,2.3491278,-0.4010706,176.8377571,-12.6337239,113.4857911
4.04,404,-0.262,-0.05,0.989,-3.7815228,0.0572958,0.286479,176.7976501,-12.6337239,113.4857911
4.05,405,-0.253,-0.05,1.014,-3.2085648,-0.6875496,0.7448454,176.7632726,-12.65091264,113.4743319
4.06,406,-0.235,-0.047,1.042,-2.291832,1.8907614,1.145916,176.7460838,-12.66810138,113.4628727
4.07,407,-0.232,-0.043,1.04,-1.432395,4.8128472,1.7761698,176.7346247,-12.7196676,113.445684
4.08,408,-0.239,-0.043,1.017,-0.7448454,6.302538,2.6356068,176.7288951,-12.78269298,113.4227657
4.09,409,-0.243,-0.037,1.002,-0.4583664,7.5630456,3.3231564,176.7288951,-12.85717752,113.3883882
4.1,410,-0.245,-0.041,1.002,-0.7448454,10.5424272,3.5523396,176.7288951,-12.97176912,113.3540107
4.11,411,-0.244,-0.046,1.002,-0.4010706,14.32395,3.8388186,176.7288951,-13.1207382,113.3196332
4.12,412,-0.247,-0.047,0.998,0.6302538,17.9335854,4.010706,176.7460838,-13.29835518,113.2852558
4.13,413,-0.257,-0.038,1.007,1.432395,21.6578124,4.8128472,176.7632726,-13.51607922,113.2394191
4.14,414,-0.289,-0.082,1.015,1.3178034,25.7258142,9.3392154,176.7976501,-13.77391032,113.1534754
4.15,415,-0.265,0.008,0.989,3.2658606,29.9084076,10.4278356,176.8549459,-14.08330764,113.0560726
4.16,416,-0.285,-0.062,1.018,0.5156622,31.9137606,7.2765666,176.8721346,-14.40416412,112.9873176
4.17,417,-0.286,-0.028,1.004,2.1199446,37.8725238,12.3758928,176.9179712,-14.7823164,112.872726
4.18,418,-0.301,-0.04,1.014,1.7761698,40.393539,10.4851314,176.9580783,-15.18911658,112.7753231
4.19,419,-0.307,-0.009,1.006,1.3178034,43.7739912,12.7196676,176.9981854,-15.63029424,112.655002
4.2,420,-0.327,-0.035,1.032,0.6875496,46.2377106,12.2040054,177.0382924,-16.09439022,112.5346808
4.21,421,-0.344,-0.038,1.048,0.286479,54.2018268,14.8396122,177.0783995,-16.63870032,112.3971709
4.22,422,-0.355,-0.02,1.064,0.286479,61.9367598,16.9595568,177.1185065,-17.25749496,112.2367426
4.23,423,-0.373,-0.032,1.097,-0.9167328,71.1040878,18.3919518,177.152884,-17.96796288,112.0591256
4.24,424,-0.378,-0.022,1.073,-1.6042824,81.7611066,20.912967,177.1872615,-18.78729282,111.8585903
4.25,425,-0.389,-0.012,1.038,-2.5210152,89.2668564,20.912967,177.221639,-19.6811073,111.658055
4.26,426,-0.399,0.001,1.024,-2.4064236,95.8558734,19.8243468,177.2445573,-20.63794716,111.4689789
4.27,427,-0.426,0.007,1.019,-1.3178034,103.3043274,17.6471064,177.2789348,-21.66927156,111.3028211
4.28,428,-0.466,0.016,1.036,-1.0313244,110.8100772,14.4958374,177.3018531,-22.76935092,111.1710407
4.29,429,-0.524,0.053,1.044,-0.6875496,125.7069852,9.5683986,177.3133123,-24.01266978,111.0908266
4.3,430,-0.478,0.044,1.004,3.724227,141.807105,1.8334656,177.330501,-25.41641688,111.0965562
4.31,431,-0.498,0.039,0.981,4.297185,143.9843454,-2.6356068,177.330501,-26.8430823,111.1595816
4.32,432,-0.51,0.051,0.974,6.7609044,144.958374,-5.5003968,177.3362306,-28.26974772,111.2512549
4.33,433,-0.513,0.108,0.934,14.037471,142.4373588,-6.302538,177.4107151,-29.6792244,111.3543873
4.34,434,-0.56,0.016,1.002,25.5539268,129.2593248,-8.6516658,177.5883321,-30.95692074,111.4804381
4.35,435,-0.589,-0.018,0.97,6.6463128,118.9460808,-14.32395,177.548225,-32.12575506,111.6637846
4.36,436,-0.575,0.048,0.891,2.1199446,115.8521076,-16.1574156,177.439363,-33.26594148,111.8757791
4.37,437,-0.592,0.048,0.815,3.6096354,114.7634874,-18.1054728,177.3247714,-34.39466874,112.1164214
4.38,438,-0.618,0.043,0.788,4.3544808,110.7527814,-19.9962342,177.1987207,-35.47755936,112.3857117
4.39,439,-0.64,0.041,0.817,4.1825934,106.4555964,-21.3713334,177.0554812,-36.52034292,112.6779203
4.4,440,-0.653,0.034,0.823,3.8961144,104.564835,-22.5745452,176.9007825,-37.55166732,112.9873176
4.41,441,-0.661,0.024,0.809,4.010706,102.4448904,-24.5798982,176.7117064,-38.54861424,113.336822
4.42,442,-0.67,0.038,0.785,3.0366774,97.6320432,-26.1841806,176.4939823,-39.49972452,113.7092447
4.43,443,-0.667,0.027,0.738,4.583664,92.3608296,-27.215505,176.2762583,-40.393539,114.1045857
4.44,444,-0.671,-0.003,0.704,5.443101,88.6366026,-28.4187168,176.0470751,-41.252976,114.522845
4.45,445,-0.668,-0.024,0.677,6.3598338,83.7664596,-29.2781538,175.8064327,-42.06657636,114.9582931
4.46,446,-0.684,-0.024,0.665,7.2192708,80.9589654,-28.8770832,175.5772495,-42.84579924,115.3994708
4.47,447,-0.696,-0.044,0.661,8.1932994,79.354683,-28.7051958,175.3423367,-43.60783338,115.846378
4.48,448,-0.71,-0.027,0.635,8.307891,75.8023434,-27.9030546,175.107424,-44.33549004,116.2875557
4.49,449,-0.72,-0.024,0.623,9.740286,71.7916374,-26.642547,174.8954295,-45.02303964,116.7172742
4.5,450,-0.723,-0.043,0.619,11.6310474,69.2133264,-25.8977016,174.6948942,-45.6934005,117.1469927
4.51,451,-0.733,-0.046,0.593,11.0580894,66.463128,-24.637194,174.5000885,-46.32938388,117.5595224
4.52,452,-0.734,-0.059,0.582,10.6570188,61.9940556,-23.491278,174.3110123,-46.91953062,117.9663226
4.53,453,-0.726,-0.067,0.572,9.5683986,55.576926,-21.8296998,174.1219362,-47.44665198,118.3444749
4.54,454,-0.735,-0.072,0.571,8.7662574,52.2537696,-20.7410796,173.9328601,-47.94512544,118.7054384
4.55,455,-0.752,-0.071,0.562,7.6203414,51.7954032,-20.2827132,173.7323248,-48.4435989,119.0721316
4.56,456,-0.763,-0.068,0.528,6.6463128,49.6181628,-19.480572,173.5260599,-48.91342446,119.4273655
4.57,457,-0.765,-0.089,0.498,7.1046792,46.0658232,-18.048177,173.3369837,-49.34887254,119.7596812
4.58,458,-0.77,-0.115,0.497,8.021412,42.685371,-15.469866,173.1880147,-49.75567272,120.0576193
4.59,459,-0.763,-0.134,0.498,6.7036086,39.1903272,-13.0061466,173.0562343,-50.12236584,120.3154504
4.6,460,-0.761,-0.144,0.502,4.870143,35.5806918,-11.45916,172.8958061,-50.48332938,120.5675519
4.61,461,-0.782,-0.128,0.506,2.6356068,31.1689152,-9.9694692,172.7582962,-50.77553796,120.7680872
4.62,462,-0.781,-0.11,0.498,0.4583664,27.3300966,-8.5370742,172.6265158,-51.03909864,120.9457042
4.63,463,-0.783,-0.109,0.478,-0.0572958,23.1475032,-7.0473834,172.5061946,-51.25682268,121.0946733
4.64,464,-0.778,-0.116,0.47,-0.572958,19.7097552,-5.6722842,172.4030622,-51.44016924,121.2149945
4.65,465,-0.77,-0.125,0.462,-1.3178034,15.9282324,-4.1825934,172.2598227,-51.64643412,121.3467748
4.66,466,-0.766,-0.132,0.463,-2.0626488,11.8029348,-2.86479,172.1853382,-51.76102572,121.4155298
4.67,467,-0.767,-0.123,0.477,-3.2658606,8.021412,-1.3750992,172.1223128,-51.83551026,121.4499073
4.68,468,-0.775,-0.108,0.493,-3.8388186,5.156622,0.2291832,172.0764761,-51.88707648,121.4556368
4.69,469,-0.786,-0.1,0.502,-4.297185,2.005353,1.5469866,172.0535578,-51.9099948,121.4327185
4.7,470,-0.795,-0.09,0.507,-5.0420304,-0.7448454,3.0939732,172.0077212,-51.99020892,121.4040706
4.71,471,-0.801,-0.089,0.504,-5.443101,-2.9793816,4.297185,172.0134508,-51.96156102,121.3295861
4.72,472,-0.8,-0.091,0.505,-6.302538,-4.8128472,5.2712136,172.0249099,-51.92145396,121.2321832
4.73,473,-0.798,-0.088,0.519,-7.1046792,-6.1306506,6.3598338,172.0420987,-51.86988774,121.1233212
4.74,474,-0.8,-0.084,0.531,-7.8495246,-7.0473834,7.2192708,172.065017,-51.81259194,120.9915409
4.75,475,-0.806,-0.081,0.542,-8.4797784,-8.1360036,7.8495246,172.0822057,-51.77248488,120.8540309
4.76,476,-0.814,-0.079,0.551,-8.5370742,-10.313244,8.9381448,172.1280424,-51.6808116,120.6936027
4.77,477,-0.812,-0.076,0.555,-8.8235532,-12.4904844,10.1413566,172.1853382,-51.57194958,120.5102561
4.78,478,-0.812,-0.073,0.555,-8.4224826,-13.750992,10.886202,172.2540931,-51.44589882,120.3097208
4.79,479,-0.82,-0.066,0.577,-8.1932994,-14.32395,11.4018642,172.3343072,-51.31984806,120.103456
4.8,480,-0.83,-0.056,0.596,-8.0787078,-14.4385416,11.6310474,172.4259805,-51.21098604,119.8857319
4.81,481,-0.84,-0.045,0.605,-7.9641162,-14.7823164,11.5737516,172.5061946,-51.0792057,119.679467
4.82,482,-0.846,-0.039,0.615,-7.5057498,-14.9542038,11.172681,172.5864088,-50.94742536,119.4789317
4.83,483,-0.845,-0.035,0.629,-6.9327918,-14.610429,10.7716104,172.6723525,-50.81564502,119.2898556
4.84,484,-0.839,-0.033,0.636,-6.0733548,-13.464513,9.9694692,172.746837,-50.69532384,119.1122386
4.85,485,-0.834,-0.036,0.617,-5.8441716,-12.4331886,9.0527364,172.8327807,-50.60938014,118.9288921
4.86,486,-0.827,-0.038,0.598,-5.2712136,-13.0634424,8.2505952,172.8958061,-50.48905896,118.779923
4.87,487,-0.814,-0.033,0.593,-5.156622,-14.4958374,7.5057498,172.9531019,-50.35727862,118.6424131
4.88,488,-0.81,-0.033,0.597,-4.9847346,-15.183387,6.9327918,173.0046681,-50.21403912,118.5106327
4.89,489,-0.807,-0.036,0.597,-4.9274388,-15.6990492,6.2452422,173.0505047,-50.06507004,118.3903115
4.9,490,-0.803,-0.036,0.594,-4.8128472,-16.2720072,5.6149884,173.1078005,-49.93901928,118.2642608
4.91,491,-0.809,-0.035,0.601,-4.4117766,-16.2720072,4.9274388,173.142178,-49.78432062,118.1668579
4.92,492,-0.808,-0.033,0.595,-3.8388186,-16.3865988,3.8388186,173.1650963,-49.62389238,118.0866438
4.93,493,-0.807,-0.03,0.596,-2.9793816,-16.7876694,3.151269,173.1937442,-49.46346414,118.0121593
4.94,494,-0.805,-0.032,0.598,-4.1825934,-17.4179232,2.2345362,173.1994738,-49.29730632,117.9548635
4.95,495,-0.809,-0.033,0.615,-3.3804522,-17.8762896,1.5469866,173.2281217,-49.14833724,117.8803789
4.96,496,-0.805,-0.032,0.622,-3.2085648,-17.3606274,0.7448454,173.2281217,-48.98217942,117.8460014
4.97,497,-0.798,-0.035,0.607,-2.578311,-17.1314442,-0.0572958,173.2166626,-48.81029202,117.8230831
4.98,498,-0.797,-0.045,0.599,-1.2605076,-17.18874,-0.572958,173.2166626,-48.63840462,117.8058944
4.99,499,-0.801,-0.051,0.622,-0.859437,-16.615782,-0.6302538,173.2223921,-48.47797638,117.7944352
5,500,-0.804,-0.043,0.639,-1.4896908,-16.1574156,-0.859437,173.2395809,-48.34619604,117.7657873
5.01,501,-0.805,-0.032,0.651,-1.8334656,-15.9855282,-1.432395,173.2223921,-48.1857678,117.7657873
5.02,502,-0.814,-0.037,0.665,-1.432395,-15.6990492,-2.5210152,173.1994738,-48.03106914,117.7829761
5.03,503,-0.806,-0.045,0.661,-1.6042824,-15.0687954,-3.5523396,173.1593668,-47.87637048,117.8173535
5.04,504,-0.799,-0.05,0.659,-1.6615782,-13.5791046,-3.8388186,173.1135301,-47.73886056,117.851731
5.05,505,-0.791,-0.057,0.649,-1.4896908,-12.2613012,-3.8961144,173.0848822,-47.64718728,117.8861085
5.06,506,-0.782,-0.06,0.64,-1.0886202,-11.5737516,-3.8388186,173.0447752,-47.53259568,117.9262156
5.07,507,-0.781,-0.059,0.641,-0.572958,-11.4018642,-3.5523396,173.0103977,-47.4122745,117.960593
5.08,508,-0.791,-0.063,0.648,0,-11.4018642,-3.437748,172.9874794,-47.2976829,117.9949705
5.09,509,-0.788,-0.06,0.66,0.2291832,-10.7143146,-3.437748,172.964561,-47.18882088,118.029348
5.1,510,-0.792,-0.058,0.669,1.0313244,-9.453807,-3.2085648,172.9702906,-47.13152508,118.0465367
5.11,511,-0.792,-0.059,0.663,1.2032118,-8.0787078,-3.2085648,172.9588315,-47.04558138,118.0866438
5.12,512,-0.783,-0.061,0.658,1.145916,-7.3911582,-3.0939732,172.9473723,-46.97109684,118.1210213
5.13,513,-0.784,-0.068,0.657,1.2032118,-6.9327918,-3.0939732,172.9359131,-46.8966123,118.1553988
5.14,514,-0.785,-0.067,0.657,1.2605076,-6.1306506,-2.578311,172.924454,-46.83358692,118.1840467
5.15,515,-0.784,-0.069,0.652,1.6042824,-5.0420304,-2.3491278,172.9301836,-46.85650524,118.2012354
5.16,516,-0.781,-0.07,0.651,1.5469866,-4.3544808,-2.005353,172.9301836,-46.81639818,118.2241537
5.17,517,-0.784,-0.068,0.656,1.6042824,-4.297185,-1.3750992,172.9359131,-46.77056154,118.2413425
5.18,518,-0.784,-0.067,0.658,1.6042824,-3.2658606,-0.9167328,172.9473723,-46.73618406,118.247072
5.19,519,-0.786,-0.062,0.653,1.432395,-2.0626488,-0.6875496,172.9588315,-46.71326574,118.2585312
5.2,520,-0.785,-0.061,0.652,1.5469866,-1.3750992,-0.4583664,173.0275864,-46.8966123,118.2126946
5.21,521,-0.786,-0.063,0.655,1.4896908,-0.9167328,-0.286479,173.0390456,-46.88515314,118.2184241
5.22,522,-0.783,-0.064,0.652,1.3750992,-0.572958,0.0572958,173.0562343,-46.87942356,118.2126946
5.23,523,-0.784,-0.066,0.655,1.3750992,-0.4010706,0.286479,173.0734231,-46.87369398,118.206965
5.24,524,-0.786,-0.068,0.664,1.2032118,0.5156622,0.9740286,173.0963414,-46.88515314,118.1955058
5.25,525,-0.787,-0.065,0.659,0.8021412,1.8334656,1.3178034,173.142178,-47.05131096,118.1496692
5.26,526,-0.789,-0.057,0.652,0.286479,2.291832,1.5469866,173.1650963,-47.07422928,118.1324804
5.27,527,-0.79,-0.052,0.65,0.2291832,2.1772404,1.4896908,173.1765555,-47.0971476,118.1095621
5.28,528,-0.789,-0.051,0.652,0.572958,2.291832,1.2605076,173.1937442,-47.12006592,118.098103
5.29,529,-0.787,-0.055,0.65,0.859437,2.578311,1.0886202,173.2166626,-47.14871382,118.0809142
5.3,530,-0.784,-0.058,0.646,0.6875496,2.9793816,1.0886202,173.2624992,-47.30914206,118.0408072
5.31,531,-0.785,-0.059,0.642,0.5156622,3.2658606,1.2605076,173.2739584,-47.34351954,118.029348
5.32,532,-0.788,-0.056,0.642,0.4010706,3.0366774,1.6042824,173.2968767,-47.37789702,118.0064297
5.33,533,-0.788,-0.052,0.642,0,3.3231564,1.6615782,173.3083358,-47.4122745,117.9892409
5.34,534,-0.786,-0.051,0.635,0,3.4950438,1.5469866,173.3255246,-47.44665198,117.9720522
5.35,535,-0.785,-0.052,0.628,0,2.9220858,1.3750992,173.3828204,-47.64718728,117.9090268
5.36,536,-0.783,-0.051,0.626,-0.2291832,2.4637194,1.2032118,173.3942795,-47.67583518,117.8975677
5.37,537,-0.785,-0.05,0.627,-0.2291832,2.578311,0.9740286,173.4000091,-47.70448308,117.8861085
5.38,538,-0.787,-0.054,0.631,-0.0572958,2.86479,0.9167328,173.4057387,-47.73313098,117.8746493
5.39,539,-0.79,-0.054,0.628,-0.286479,2.578311,1.0313244,173.4114683,-47.7560493,117.8631902
5.4,540,-0.791,-0.052,0.633,-0.3437748,2.3491278,1.2032118,173.4744937,-47.93939586,117.7944352
5.41,541,-0.79,-0.05,0.628,-0.7448454,2.1772404,1.0313244,173.4744937,-47.96231418,117.7829761
5.42,542,-0.787,-0.049,0.622,-1.0886202,1.4896908,0.9167328,173.4744937,-47.97950292,117.7715169
5.43,543,-0.785,-0.05,0.624,-1.3750992,1.2032118,0.7448454,173.4687641,-47.99096208,117.7600577
5.44,544,-0.785,-0.049,0.621,-1.3178034,1.0313244,0.4583664,173.4573049,-48.00242124,117.7543282
5.45,545,-0.788,-0.052,0.621,-0.859437,1.145916,0.286479,173.5203303,-48.2717115,117.6913028
5.46,546,-0.79,-0.053,0.632,-1.6615782,1.145916,0,173.5031416,-48.28317066,117.6913028
5.47,547,-0.796,-0.051,0.638,-2.291832,0.5156622,-0.0572958,173.4744937,-48.28317066,117.6913028
5.48,548,-0.796,-0.054,0.636,-2.1772404,0,0,173.4573049,-48.28317066,117.6913028
5.49,549,-0.791,-0.054,0.626,-2.2345362,-0.1145916,0,173.4343866,-48.28317066,117.6913028
5.5,550,-0.785,-0.057,0.613,-2.1772404,0.1145916,0.1718874,173.4401162,-48.51235386,117.6569253
5.51,551,-0.781,-0.058,0.606,-1.6615782,0.7448454,0.3437748,173.428657,-48.51808344,117.6511957
5.52,552,-0.78,-0.058,0.607,-1.718874,0.4583664,0.4583664,173.4171979,-48.52381302,117.6454661
5.53,553,-0.784,-0.054,0.613,-2.1199446,-0.6302538,0.572958,173.4000091,-48.51808344,117.634007
5.54,554,-0.788,-0.05,0.62,-2.3491278,-1.145916,0.4583664,173.3828204,-48.50662428,117.6282774
5.55,555,-0.792,-0.051,0.626,-1.8907614,-1.145916,0.1718874,173.4343866,-48.67851168,117.565252
5.56,556,-0.793,-0.051,0.623,-1.8334656,-1.145916,0,173.4171979,-48.66705252,117.565252
5.57,557,-0.79,-0.055,0.617,-1.718874,-1.432395,-0.0572958,173.4000091,-48.65559336,117.5595224
5.58,558,-0.79,-0.058,0.613,-1.2032118,-2.1772404,-0.0572958,173.38855,-48.63267504,117.5595224
5.59,559,-0.789,-0.06,0.615,-1.2032118,-2.4064236,0.1145916,173.3770908,-48.60975672,117.5537929
5.6,560,-0.787,-0.059,0.62,-1.0313244,-2.4064236,0.2291832,173.4000091,-48.7300779,117.525145
5.61,561,-0.787,-0.058,0.623,-1.0886202,-2.578311,0.3437748,173.3942795,-48.70715958,117.5136858
5.62,562,-0.79,-0.055,0.625,-1.4896908,-3.2085648,0.3437748,173.38855,-48.6727821,117.5022266
5.63,563,-0.792,-0.055,0.627,-1.3178034,-3.437748,0.4010706,173.3828204,-48.63840462,117.4907675
5.64,564,-0.796,-0.056,0.629,-1.5469866,-3.4950438,0.4010706,173.3770908,-48.60402714,117.4793083
5.65,565,-0.797,-0.055,0.63,-1.8334656,-3.7815228,0.3437748,173.38855,-48.65559336,117.4506604
5.66,566,-0.796,-0.057,0.633,-1.9480572,-3.8388186,0.286479,173.3770908,-48.6154863,117.4392013
5.67,567,-0.796,-0.058,0.634,-2.005353,-4.0680018,0.286479,173.3656316,-48.57537924,117.4277421
5.68,568,-0.794,-0.058,0.629,-1.9480572,-4.1825934,0.4583664,173.3541725,-48.53527218,117.4162829
5.69,569,-0.791,-0.061,0.627,-2.2345362,-4.5263682,0.6875496,173.3484429,-48.49516512,117.3990942
5.7,570,-0.791,-0.059,0.629,-2.5210152,-5.0993262,0.9167328,173.3484429,-48.5008947,117.3647167
5.71,571,-0.789,-0.057,0.634,-2.9220858,-5.156622,1.2605076,173.3369837,-48.44932848,117.3360688
5.72,572,-0.788,-0.055,0.633,-3.2085648,-5.3858052,1.432395,173.3312542,-48.39776226,117.3074209
5.73,573,-0.788,-0.058,0.632,-3.437748,-5.72958,1.3178034,173.3140654,-48.34046646,117.278773
5.74,574,-0.789,-0.06,0.648,-5.0420304,-6.7036086,1.2032118,173.2854175,-48.27744108,117.2558547
5.75,575,-0.792,-0.056,0.643,-6.589017,-7.9068204,1.3750992,173.2567696,-48.23160444,117.2100181
5.76,576,-0.79,-0.054,0.633,-6.0733548,-8.4224826,1.5469866,173.2223921,-48.15139032,117.1756406
5.77,577,-0.78,-0.058,0.621,-5.5003968,-8.4224826,1.432395,173.1937442,-48.06544662,117.1412631
5.78,578,-0.776,-0.061,0.618,-5.0420304,-8.7662574,1.4896908,173.1708259,-47.9852325,117.1068856
5.79,579,-0.773,-0.061,0.611,-4.0680018,-8.9954406,1.5469866,173.1536372,-47.89355922,117.0725081
5.8,580,-0.775,-0.064,0.615,-3.0366774,-7.9641162,1.6615782,173.1536372,-47.8706409,117.0266715
5.81,581,-0.777,-0.061,0.621,-2.6356068,-7.0473834,1.8334656,173.1593668,-47.80188594,116.992294
5.82,582,-0.778,-0.057,0.627,-2.005353,-6.875496,2.005353,173.1650963,-47.73313098,116.952187
5.83,583,-0.779,-0.052,0.631,-1.9480572,-6.589017,1.8907614,173.1765555,-47.6701056,116.9120799
5.84,584,-0.78,-0.051,0.634,-1.6042824,-6.1306506,1.4896908,173.1822851,-47.6128098,116.883432
5.85,585,-0.781,-0.056,0.638,-1.3178034,-5.6149884,1.2032118,173.2052034,-47.62999854,116.8433249
5.86,586,-0.786,-0.059,0.64,-1.2605076,-5.3858052,0.9167328,173.210933,-47.57843232,116.8204066
5.87,587,-0.787,-0.058,0.647,-1.2032118,-5.3285094,0.9167328,173.2166626,-47.5268661,116.7974883
5.88,588,-0.787,-0.055,0.65,-1.3178034,-5.0993262,0.8021412,173.2166626,-47.48102946,116.7802996
5.89,589,-0.785,-0.055,0.652,-1.2605076,-4.6982556,0.5156622,173.2166626,-47.43519282,116.7631108
5.9,590,-0.782,-0.056,0.654,-1.2605076,-4.4690724,0.286479,173.2395809,-47.4695703,116.7287333
5.91,591,-0.779,-0.056,0.649,-1.2032118,-3.8388186,0.1718874,173.2338513,-47.43519282,116.7172742
5.92,592,-0.779,-0.055,0.65,-1.0886202,-3.151269,0.0572958,173.2281217,-47.40081534,116.7115446
5.93,593,-0.779,-0.057,0.649,-0.572958,-2.3491278,0,173.2223921,-47.37789702,116.7115446
5.94,594,-0.78,-0.057,0.648,-0.5156622,-2.1199446,-0.0572958,173.2223921,-47.3549787,116.7115446
5.95,595,-0.781,-0.058,0.655,-0.7448454,-1.9480572,-0.1718874,173.2624992,-47.4695703,116.665708
5.96,596,-0.781,-0.055,0.65,-1.2605076,-2.291832,-0.4010706,173.2453105,-47.44665198,116.6714375
5.97,597,-0.78,-0.056,0.649,-1.5469866,-2.5210152,-0.572958,173.2281217,-47.42373366,116.6771671
5.98,598,-0.777,-0.052,0.648,-1.6042824,-1.9480572,-0.9167328,173.2052034,-47.40081534,116.6886263
5.99,599,-0.774,-0.054,0.637,-1.0886202,-1.3750992,-1.3750992,173.1765555,-47.3836266,116.705815
6,600,-0.77,-0.06,0.634,-0.7448454,-0.6875496,-1.6615782,173.1822851,-47.54978442,116.7000854
6.01,601,-0.775,-0.065,0.64,-0.859437,-0.2291832,-1.4896908,173.1536372,-47.54405484,116.7230038
6.02,602,-0.781,-0.065,0.646,-0.572958,-0.9740286,-1.0886202,173.1364484,-47.53259568,116.7401925
6.03,603,-0.785,-0.066,0.658,-0.1718874,-1.3178034,-0.7448454,173.1307189,-47.52113652,116.7459221
6.04,604,-0.787,-0.063,0.653,-0.4010706,-0.6302538,-0.4010706,173.1249893,-47.51540694,116.7516517
6.05,605,-0.785,-0.061,0.646,-0.1718874,-0.0572958,-0.1718874,173.3656316,-48.39203268,116.5339276
6.06,606,-0.78,-0.062,0.641,0.2291832,0.4010706,-0.1718874,173.3656316,-48.39776226,116.5396572
6.07,607,-0.782,-0.06,0.641,0.2291832,0.4010706,-0.0572958,173.3656316,-48.40349184,116.5396572
6.08,608,-0.78,-0.058,0.637,0.1718874,-0.1718874,0,173.3713612,-48.39776226,116.5396572
6.09,609,-0.784,-0.061,0.635,0.4010706,-0.8021412,0,173.3770908,-48.39203268,116.5396572
6.1,610,-0.781,-0.063,0.638,0.7448454,-0.6875496,-0.286479,173.428657,-48.60402714,116.4995501
6.11,611,-0.782,-0.057,0.642,0.7448454,-0.5156622,-0.286479,173.4343866,-48.59829756,116.5052797
6.12,612,-0.783,-0.059,0.643,0.9740286,-0.1718874,-0.2291832,173.4401162,-48.59829756,116.5052797
6.13,613,-0.782,-0.061,0.643,0.6302538,0,-0.286479,173.4458458,-48.59829756,116.5110093
